Method,InputSize,Threads,SerialTime,ParallelTime,Speedup,Efficiency
Critical,1000000,1,0.00137474,0.00133092,1.032925,103.2925
Atomic,1000000,1,0.00137474,0.00588200,0.233720,23.3720
Reduction,1000000,1,0.00137474,0.00130145,1.056310,105.6310
Master,1000000,1,0.00137474,0.00093615,1.468496,146.8496
Locks,1000000,1,0.00137474,0.00969931,0.141736,14.1736
Critical,1000000,2,0.00137474,0.00072465,1.897109,94.8554
Atomic,1000000,2,0.00137474,0.01348947,0.101912,5.0956
Reduction,1000000,2,0.00137474,0.00065206,2.108306,105.4153
Master,1000000,2,0.00137474,0.00094063,1.461502,73.0751
Locks,1000000,2,0.00137474,0.04308464,0.031908,1.5954
Critical,1000000,3,0.00137474,0.00062224,2.209337,73.6446
Atomic,1000000,3,0.00137474,0.01429817,0.096148,3.2049
Reduction,1000000,3,0.00137474,0.00048759,2.819443,93.9814
Master,1000000,3,0.00137474,0.00095330,1.442082,48.0694
Locks,1000000,3,0.00137474,0.08141248,0.016886,0.5629
Critical,1000000,4,0.00137474,0.00049032,2.803762,70.0941
Atomic,1000000,4,0.00137474,0.01571160,0.087498,2.1875
Reduction,1000000,4,0.00137474,0.00034930,3.935728,98.3932
Master,1000000,4,0.00137474,0.00053661,2.561880,64.0470
Locks,1000000,4,0.00137474,0.10460884,0.013142,0.3285
Critical,5000000,1,0.00721471,0.00685804,1.052007,105.2007
Atomic,5000000,1,0.00721471,0.02862044,0.252082,25.2082
Reduction,5000000,1,0.00721471,0.00667315,1.081154,108.1154
Master,5000000,1,0.00721471,0.00433156,1.665612,166.5612
Locks,5000000,1,0.00721471,0.04902115,0.147175,14.7175
Critical,5000000,2,0.00721471,0.00351219,2.054191,102.7095
Atomic,5000000,2,0.00721471,0.07150703,0.100895,5.0448
Reduction,5000000,2,0.00721471,0.00337481,2.137813,106.8906
Master,5000000,2,0.00721471,0.00485489,1.486069,74.3035
Locks,5000000,2,0.00721471,0.20663812,0.034915,1.7457
Critical,5000000,3,0.00721471,0.00246631,2.925306,97.5102
Atomic,5000000,3,0.00721471,0.07353585,0.098111,3.2704
Reduction,5000000,3,0.00721471,0.00222823,3.237864,107.9288
Master,5000000,3,0.00721471,0.00490752,1.470133,49.0044
Locks,5000000,3,0.00721471,0.42724688,0.016887,0.5629
Critical,5000000,4,0.00721471,0.00191396,3.769520,94.2380
Atomic,5000000,4,0.00721471,0.07652861,0.094275,2.3569
Reduction,5000000,4,0.00721471,0.00177126,4.073212,101.8303
Master,5000000,4,0.00721471,0.00491475,1.467971,36.6993
Locks,5000000,4,0.00721471,0.52549159,0.013729,0.3432
Critical,10000000,1,0.01439605,0.01354977,1.062457,106.2457
Atomic,10000000,1,0.01439605,0.05649035,0.254841,25.4841
Reduction,10000000,1,0.01439605,0.01414338,1.017865,101.7865
Master,10000000,1,0.01439605,0.00974499,1.477278,147.7278
Locks,10000000,1,0.01439605,0.09859701,0.146009,14.6009
Critical,10000000,2,0.01439605,0.00680218,2.116388,105.8194
Atomic,10000000,2,0.01439605,0.14466197,0.099515,4.9758
Reduction,10000000,2,0.01439605,0.00683079,2.107524,105.3762
Master,10000000,2,0.01439605,0.00966430,1.489611,74.4805
Locks,10000000,2,0.01439605,0.40839709,0.035250,1.7625
Critical,10000000,3,0.01439605,0.00469202,3.068202,102.2734
Atomic,10000000,3,0.01439605,0.14617241,0.098487,3.2829
Reduction,10000000,3,0.01439605,0.00455524,3.160327,105.3442
Master,10000000,3,0.01439605,0.00635197,2.266392,75.5464
Locks,10000000,3,0.01439605,0.80984110,0.017776,0.5925
Critical,10000000,4,0.01439605,0.00382928,3.759468,93.9867
Atomic,10000000,4,0.01439605,0.14567753,0.098821,2.4705
Reduction,10000000,4,0.01439605,0.00361865,3.978289,99.4572
Master,10000000,4,0.01439605,0.00937600,1.535415,38.3854
Locks,10000000,4,0.01439605,1.03501174,0.013909,0.3477
Critical,20000000,1,0.02886705,0.02706659,1.066520,106.6520
Atomic,20000000,1,0.02886705,0.11473939,0.251588,25.1588
Reduction,20000000,1,0.02886705,0.02658335,1.085907,108.5907
Master,20000000,1,0.02886705,0.01781246,1.620610,162.0610
Locks,20000000,1,0.02886705,0.19620192,0.147129,14.7129
Critical,20000000,2,0.02886705,0.01418789,2.034626,101.7313
Atomic,20000000,2,0.02886705,0.28521050,0.101213,5.0607
Reduction,20000000,2,0.02886705,0.01349092,2.139739,106.9870
Master,20000000,2,0.02886705,0.01899890,1.519407,75.9703
Locks,20000000,2,0.02886705,0.82363902,0.035048,1.7524
Critical,20000000,3,0.02886705,0.00897002,3.218170,107.2723
Atomic,20000000,3,0.02886705,0.29291809,0.098550,3.2850
Reduction,20000000,3,0.02886705,0.00920717,3.135281,104.5094
Master,20000000,3,0.02886705,0.01283414,2.249240,74.9747
Locks,20000000,3,0.02886705,1.65067301,0.017488,0.5829
Critical,20000000,4,0.02886705,0.00755111,3.822890,95.5722
Atomic,20000000,4,0.02886705,0.29219524,0.098794,2.4698
Reduction,20000000,4,0.02886705,0.00739132,3.905534,97.6383
Master,20000000,4,0.02886705,0.02034397,1.418949,35.4737
Locks,20000000,4,0.02886705,2.08124764,0.013870,0.3468
Critical,50000000,1,0.07252308,0.06725217,1.078375,107.8375
Atomic,50000000,1,0.07252308,0.28611327,0.253477,25.3477
Reduction,50000000,1,0.07252308,0.06712651,1.080394,108.0394
Master,50000000,1,0.07252308,0.04476805,1.619974,161.9974
Locks,50000000,1,0.07252308,0.48969996,0.148097,14.8097
Critical,50000000,2,0.07252308,0.03549726,2.043061,102.1531
Atomic,50000000,2,0.07252308,0.70691540,0.102591,5.1295
Reduction,50000000,2,0.07252308,0.03318264,2.185573,109.2787
Master,50000000,2,0.07252308,0.04769229,1.520646,76.0323
Locks,50000000,2,0.07252308,2.04474097,0.035468,1.7734
Critical,50000000,3,0.07252308,0.02400566,3.021083,100.7028
Atomic,50000000,3,0.07252308,0.71644291,0.101227,3.3742
Reduction,50000000,3,0.07252308,0.02396569,3.026121,100.8707
Master,50000000,3,0.07252308,0.03142800,2.307594,76.9198
Locks,50000000,3,0.07252308,3.93903380,0.018411,0.6137
Critical,50000000,4,0.07252308,0.01787909,4.056308,101.4077
Atomic,50000000,4,0.07252308,0.74409244,0.097465,2.4366
Reduction,50000000,4,0.07252308,0.01811085,4.004401,100.1100
Master,50000000,4,0.07252308,0.05130226,1.413643,35.3411
Locks,50000000,4,0.07252308,5.02599873,0.014430,0.3607
